{
  "num_images": 19492,
  "num_ann": 272558,
  "w_stats": {
    "count": 272558,
    "min": 2.0,
    "p5": 7.0,
    "p25": 12.0,
    "median": 21.0,
    "mean": 34.31905502681998,
    "p75": 39.0,
    "p95": 107.0,
    "max": 1535.0
  },
  "h_stats": {
    "count": 272558,
    "min": 1.0,
    "p5": 6.0,
    "p25": 11.0,
    "median": 18.0,
    "mean": 29.845841985925933,
    "p75": 34.0,
    "p95": 94.0,
    "max": 1192.0
  },
  "area_stats": {
    "count": 272558,
    "min": 2.0,
    "p5": 45.0,
    "p25": 140.0,
    "median": 369.0,
    "mean": 2271.818651442996,
    "p75": 1190.0,
    "p95": 8722.0,
    "max": 1076035.0
  },
  "aspect_ratio_stats": {
    "count": 272558,
    "min": 0.04,
    "p5": 0.4782608695652174,
    "p25": 0.8125,
    "median": 1.0,
    "mean": 1.3846501076176094,
    "p75": 1.6111111111111112,
    "p95": 3.6,
    "max": 14.384615384615385
  },
  "center_x_norm_stats": {
    "count": 272558,
    "min": -0.03703222453222453,
    "p5": 0.1272089397089397,
    "p25": 0.4068347193347193,
    "median": 0.5171517671517671,
    "mean": 0.5026311309329511,
    "p75": 0.6017411642411642,
    "p95": 0.8474727130977123,
    "max": 1.0323544698544698
  },
  "center_y_norm_stats": {
    "count": 272558,
    "min": -0.07264760147601476,
    "p5": 0.3731549815498155,
    "p25": 0.459640221402214,
    "median": 0.4843173431734317,
    "mean": 0.46984622897827183,
    "p75": 0.49838560885608857,
    "p95": 0.5138376383763837,
    "max": 0.7596863468634686
  },
  "categories": {
    "0": 272558
  }
}